{"cameraMode":{"drawMode":0,"name":"Shaded","section":"Shading Mode"},"sceneLighting":true,"audioPlay":false,"sceneViewState":{"m_AlwaysRefresh":false,"showFog":true,"showSkybox":true,"showFlares":true,"showImageEffects":true,"showParticleSystems":true,"showVisualEffectGraphs":true,"m_FxEnabled":true},"in2DMode":false,"pivot":{"x":42.28129577636719,"y":-8.50871753692627,"z":-90.89691925048828},"rotation":{"x":0.018768277019262315,"y":0.31956973671913149,"z":-0.006332426331937313,"w":0.9474192261695862},"size":64.40982055664063,"orthographic":true}